{
    "paths": {
        "/chef/register": {
            "post": {
                "tags": [
                    "Chef"
                ],
                "description": "Create new chef in system",
                "parameters": [
                    {
                        "name": "chef",
                        "required": true,
                        "in": "body",
                        "description": "Chef that we want to create",
                        "schema": {
                            "$ref": "#/definitions/Register"
                        }
                    }
                ],
                "produces": [
                    "application/json"
                ],
                "responses": {
                    "200": {
                        "description": "New chef data is created",
                        "schema": {
                            "$ref": "#/definitions/Register"
                        }
                    }
                }
            }
        },
        "/chef/login": {
            "post": {
                "tags": [
                    "Chef"
                ],
                "description": "Login",
                "parameters": [
                    {
                        "name": "body",
                        "in": "body",
                        "description": "Login",
                        "schema": {
                            "$ref": "#/definitions/Login"
                        }
                    }
                ],
                "produces": [
                    "application/json"
                ],
                "responses": {
                    "200": {
                        "description": "Login.",
                        "schema": {
                            "$ref": "#/definitions/Login"
                        }
                    }
                }
            }
        },
        "/chef/profile": {
            "get": {
                "tags": [
                    "Chef"
                ],
                "description": "Get Chef Profile",
                "parameters": [
                    {
                        "name": "Authorization",
                        "required": true,
                        "in": "header",
                        "description": "Authorization token",
                        "type": "string"
                    }
                ],
                "produces": [
                    "application/json"
                ],
                "responses": {
                    "200": {
                        "description": "Get Chef Profile"
                    }
                }
            }
        },
        "/chef/verifyChef": {
            "get": {
                "tags": [
                    "Chef"
                ],
                "description": "Verify chef email",
                "parameters": [
                    {
                        "name": "token",
                        "required": true,
                        "in": "query",
                        "description": "Verification token",
                        "type": "string"
                    }
                ],
                "produces": [
                    "application/json"
                ],
                "responses": {
                    "200": {
                        "description": "Verify chef email."
                    }
                }
            }
        },
        "/chef/updateChefProfile": {
            "post": {
                "tags": [
                    "Chef"
                ],
                "description": "Update Chef Profile",
                "parameters": [
                    {
                        "name": "chef",
                        "required": true,
                        "in": "body",
                        "description": "Update Chef Profile",
                        "schema": {
                            "$ref": "#/definitions/UpdateProfile"
                        }
                    },
                    {
                        "name": "Authorization",
                        "required": true,
                        "in": "header",
                        "description": "Authorization token",
                        "type": "string"
                    }
                ],
                "produces": [
                    "application/json"
                ],
                "responses": {
                    "200": {
                        "description": "Chef details update successfully.",
                        "schema": {
                            "$ref": "#/definitions/UpdateProfile"
                        }
                    }
                }
            }
        },
        "/chef/forgotPassword": {
            "post": {
                "tags": [
                    "Chef"
                ],
                "description": "Send forgot password mail",
                "parameters": [
                    {
                        "name": "chef",
                        "in": "body",
                        "description": "Send forgot password mail",
                        "schema": {
                            "$ref": "#/definitions/ForgotPassword"
                        }
                    }
                ],
                "produces": [
                    "application/json"
                ],
                "responses": {
                    "200": {
                        "description": "Forgot password mail sent successfully",
                        "schema": {
                            "$ref": "#/definitions/ForgotPassword"
                        }
                    }
                }
            }
        },
        "/chef/resetPassword": {
            "post": {
                "tags": [
                    "Chef"
                ],
                "description": "Reset password",
                "parameters": [
                    {
                        "name": "chef",
                        "in": "body",
                        "description": "Reset password",
                        "schema": {
                            "$ref": "#/definitions/ResetPassword"
                        }
                    }
                ],
                "produces": [
                    "application/json"
                ],
                "responses": {
                    "200": {
                        "description": "Password updated successfully",
                        "schema": {
                            "$ref": "#/definitions/ResetPassword"
                        }
                    }
                }
            }
        },
        "/chef/changePassword": {
            "post": {
                "tags": [
                    "Chef"
                ],
                "description": "Change password",
                "parameters": [
                    {
                        "name": "body",
                        "in": "body",
                        "description": "Change password",
                        "schema": {
                            "$ref": "#/definitions/ChangePassword"
                        }
                    },
                    {
                        "name": "Authorization",
                        "required": true,
                        "in": "header",
                        "description": "Authorization token",
                        "type": "string"
                    }
                ],
                "produces": [
                    "application/json"
                ],
                "responses": {
                    "200": {
                        "description": "Password change successfully.",
                        "schema": {
                            "$ref": "#/definitions/ChangePassword"
                        }
                    }
                }
            }
        },
        "/chef/fileUpload": {
            "post": {
                "tags": [
                    "Chef"
                ],
                "description": "Upload file",
                "parameters": [
                    {
                        "name": "file",
                        "required": true,
                        "in": "formData",
                        "type": "file",
                        "description": "Upload file"
                    },
                    {
                        "name": "Authorization",
                        "required": true,
                        "in": "header",
                        "description": "Authorization token",
                        "type": "string"
                    }
                ],
                "produces": [
                    "multipart/form-data"
                ],
                "responses": {
                    "200": {
                        "description": "File uploaded",
                        "schema": {
                            "$ref": "#/definitions/Uploadfile"
                        }
                    }
                }
            }
        },
        "/chef/logout": {
            "get": {
                "tags": [
                    "Chef"
                ],
                "description": "Logout chef",
                "parameters": [
                    {
                        "name": "Authorization",
                        "required": true,
                        "in": "header",
                        "description": "Authorization token",
                        "type": "string"
                    }
                ],
                "produces": [
                    "application/json"
                ],
                "responses": {
                    "200": {
                        "description": "Logout chef."
                    }
                }
            }
        },
        "/chef/socialAccess": {
            "post": {
                "tags": [
                    "Chef"
                ],
                "description": "Create new chef using social login",
                "parameters": [
                    {
                        "name": "chef",
                        "required": true,
                        "in": "body",
                        "description": "Chef that we want to create",
                        "schema": {
                            "$ref": "#/definitions/socialAccess"
                        }
                    }
                ],
                "produces": [
                    "application/json"
                ],
                "responses": {
                    "200": {
                        "description": "New chef is created",
                        "schema": {
                            "$ref": "#/definitions/socialAccess"
                        }
                    }
                }
            }
        }
    },
    "definitions": {
        "Register": {
            "required": [
                "emailId",
                "password",
                "mobile",
                "firstname",
                "lastname"

            ],
            "properties": {
                "emailId": {
                    "type": "string",
                    "example": "tejas.p@indianic.com",
                    "uniqueItems": true
                },
                "password": {
                    "type": "string",
                    "example": "Test1234",
                    "uniqueItems": true
                },
                "mobile": {
                    "type": "string",
                    "example": "000000000",
                    "uniqueItems": true
                },
                "lastname": {
                    "example": "Patel",
                    "type": "string"
                },
                "firstname": {
                    "example": "Tejas",
                    "type": "string"
                }
            }
        },
        "Login": {
            "required": [
                "emailId",
                "password"
            ],
            "properties": {
                "emailId": {
                    "type": "string",
                    "example": "tejas.p@indianic.com",
                    "uniqueItems": true
                },
                "password": {
                    "type": "string",
                    "example": "Test1234",
                    "uniqueItems": true
                }
            }
        },
        "UpdateProfile": {
            "required": [
                "publicProfile",
                "firstname",
                "lastname",
                "mobile",
                "emailId"
            ],
            "properties": {
                "publicProfile": {
                    "example": false,
                    "type": "boolean"
                },
                "lastname": {
                    "example": "Patel",
                    "type": "string"
                },
                "firstname": {
                    "example": "Tejas",
                    "type": "string"
                },
                "mobile": {
                    "type": "string",
                    "example": "0000000000",
                    "uniqueItems": true
                },
                "emailId": {
                    "type": "string",
                    "example": "email@gmail.com",
                    "uniqueItems": true
                },
                "photo": {
                    "example": "/eb3eeedac92150760491497/image_676736776674.jpeg",
                    "type": "string"
                }
            }
        },
        "ForgotPassword": {
            "required": [
                "emailId"
            ],
            "properties": {
                "emailId": {
                    "type": "string",
                    "example": "tejas.p@indianic.com",
                    "uniqueItems": true
                }
            }
        },
        "ResetPassword": {
            "required": [
                "password",
                "token"
            ],
            "properties": {
                "password": {
                    "type": "string",
                    "example": "PASS1234",
                    "uniqueItems": true
                },
                "token": {
                    "type": "string",
                    "example": "eyJhbGciOiJIUzI1NiIsInR5cCI6IkpXVCJ9.eyJpZCI6IjVjZDNkMmZlNDg0ZjQ5MDRlYzdjMGJmOCIsImFsZ29yaXRobSI6IkhTMjU2IiwiZXhwIjoxNTYwNTMxNzQ4LCJpYXQiOjE1NjAxNzAzMDh9.9AjvQpjhQxq5Qerw1jPuwDKmxnr5xzU_NN1n1TB5a-0",
                    "uniqueItems": true
                }
            }
        },
        "ChangePassword": {
            "required": [
                "oldPassword",
                "newPassword"
            ],
            "properties": {
                "oldPassword": {
                    "type": "string",
                    "example": "Pass1234",
                    "uniqueItems": true
                },
                "newPassword": {
                    "type": "string",
                    "example": "Test1234",
                    "uniqueItems": true
                }
            }
        },
        "Uploadfile": {
            "properties": {
                "file": {
                    "type": "file"
                }
            }
        },
        "socialAccess": {
            "required": [
                "socialId",
                "socialKey"
            ],
            "properties": {
                "socialId": {
                    "type": "string",
                    "example": "123456789",
                    "uniqueItems": true
                },
                "socialKey": {
                    "type": "string",
                    "example": "fbId or googleId or twitterId or InstagramId",
                    "uniqueItems": true
                },
                "emailId": {
                    "type": "string",
                    "example": "raj@grr.la",
                    "uniqueItems": true
                },
                "mobile": {
                    "type": "string",
                    "example": "000000000",
                    "uniqueItems": true
                },
                "lastname": {
                    "example": "patel",
                    "type": "string"
                },
                "firstname": {
                    "example": "raj",
                    "type": "string"
                },
                "username": {
                    "example": "raj_p",
                    "type": "string",
                    "uniqueItems": true
                }
            }
        }
    }
}