{
    "paths": {
        "/addRecipeDetail": {
            "post": {
                "tags": [
                    "Recipe"
                ],
                "description": "Create new recipe of chef",
                "parameters": [
                    {
                        "name": "recipe",
                        "required": true,
                        "in": "body",
                        "description": "Recipe detail we want to add",
                        "schema": {
                            "$ref": "#/definitions/AddRecipeDetail"
                        }
                    },
                    {
                        "name": "Authorization",
                        "required": true,
                        "in": "header",
                        "description": "Authorization token",
                        "type": "string"
                    }
                ],
                "produces": [
                    "application/json"
                ],
                "responses": {
                    "200": {
                        "description": "New recipe is created",
                        "schema": {
                            "$ref": "#/definitions/AddRecipeDetail"
                        }
                    }
                }
            }
        },
        "/getMyRecipeList": {
            "post": {
                "tags": [
                    "Recipe"
                ],
                "description": "Get my recipes list",
                "parameters": [
                    {
                        "name": "body",
                        "required": true,
                        "in": "body",
                        "description": "Params",
                        "schema": {
                            "$ref": "#/definitions/GetMyRecipeList"
                        }
                    },
                    {
                        "name": "Authorization",
                        "required": true,
                        "in": "header",
                        "description": "Authorization token",
                        "type": "string"
                    }
                ],
                "produces": [
                    "application/json"
                ],
                "responses": {
                    "200": {
                        "description": "My recipe list fetched successfully.",
                        "schema": {
                            "$ref": "#/definitions/GetMyRecipeList"
                        }
                    }
                }
            }
        },
        "/updateRecipeDetail": {
            "post": {
                "tags": [
                    "Recipe"
                ],
                "description": "Update recipe detail of chef",
                "parameters": [
                    {
                        "name": "recipe",
                        "required": true,
                        "in": "body",
                        "description": "Recipe detail we want to update",
                        "schema": {
                            "$ref": "#/definitions/UpdateRecipeDetail"
                        }
                    },
                    {
                        "name": "Authorization",
                        "required": true,
                        "in": "header",
                        "description": "Authorization token",
                        "type": "string"
                    }
                ],
                "produces": [
                    "application/json"
                ],
                "responses": {
                    "200": {
                        "description": "Recipe details updated successfully",
                        "schema": {
                            "$ref": "#/definitions/UpdateRecipeDetail"
                        }
                    }
                }
            }
        },
        "/getRecipeDetail/{recipeId}": {
            "get": {
                "tags": [
                    "Recipe"
                ],
                "description": "Get recipe detail",
                "parameters": [
                    {
                        "name": "recipeId",
                        "in": "path",
                        "required": true,
                        "description": "id of recipe",
                        "type": "string"
                    },
                    {
                        "name": "Authorization",
                        "in": "header",
                        "required": true,
                        "description": "Authorization token",
                        "type": "string"
                    }
                ],
                "produces": [
                    "application/json"
                ],
                "responses": {
                    "200": {
                        "description": "fetched recipe details.",
                        "schema": {
                            "$ref": "#/definitions/AddRecipeDetail"
                        }
                    }
                }
            }
        },
        "/getExploreRecipeList": {
            "post": {
                "tags": [
                    "Recipe"
                ],
                "description": "Get explore recipes list",
                "parameters": [
                    {
                        "name": "body",
                        "required": true,
                        "in": "body",
                        "description": "Params",
                        "schema": {
                            "$ref": "#/definitions/GetExploreRecipeList"
                        }
                    },
                    {
                        "name": "Authorization",
                        "required": true,
                        "in": "header",
                        "description": "Authorization token",
                        "type": "string"
                    }
                ],
                "produces": [
                    "application/json"
                ],
                "responses": {
                    "200": {
                        "description": "Explore recipe list fetched successfully.",
                        "schema": {
                            "$ref": "#/definitions/GetExploreRecipeList"
                        }
                    }
                }
            }
        },
        "/process/classInterest/{recipeId}": {
            "post": {
                "tags": [
                    "Recipe"
                ],
                "description": "Process for change class interest",
                "parameters": [
                    {
                        "name": "recipeId",
                        "required": true,
                        "in": "path",
                        "description": "id of recipe",
                        "type": "string"
                    },
                    {
                        "name": "interest",
                        "required": true,
                        "in": "query",
                        "description": "Interest for live class",
                        "type": "boolean"
                    },
                    {
                        "name": "Authorization",
                        "required": true,
                        "in": "header",
                        "description": "Authorization token",
                        "type": "string"
                    }
                ],
                "produces": [
                    "application/json"
                ],
                "responses": {
                    "200": {
                        "description": "Attendees updated successfully."
                    }
                }
            }
        },
        "/getBookedClassList": {
            "post": {
                "tags": [
                    "Recipe"
                ],
                "description": "Get booked classes list",
                "parameters": [
                    {
                        "name": "body",
                        "required": true,
                        "in": "body",
                        "description": "Params",
                        "schema": {
                            "$ref": "#/definitions/BookedClassList"
                        }
                    },
                    {
                        "name": "Authorization",
                        "required": true,
                        "in": "header",
                        "description": "Authorization token",
                        "type": "string"
                    }
                ],
                "produces": [
                    "application/json"
                ],
                "responses": {
                    "200": {
                        "description": "Booked class list fetched successfully.",
                        "schema": {
                            "$ref": "#/definitions/BookedClassList"
                        }
                    }
                }
            }
        }
    },
    "definitions": {
        "AddRecipeDetail": {
            "required": [
                "title",
                "type",
                "classDay",
                "classStartTime",
                "classLink",
                "maxAttendees",
                "level",
                "category",
                "videoLink"
            ],
            "properties": {
                "title": {
                    "type": "string",
                    "example": "Cheesy Italiano MAGGI Noodles"
                },
                "type": {
                    "type": "string",
                    "example": "LIVE_CLASS"
                },
                "classDay": {
                    "type": "date",
                    "example": "2020-05-30"
                },
                "classStartTime": {
                    "example": "03:00 PM",
                    "type": "string"
                },
                "classLink": {
                    "example": "www.chefcollective/2918476",
                    "type": "string"
                },
                "maxAttendees": {
                    "example": 200,
                    "type": "number"
                },
                "level": {
                    "example": "Beginner",
                    "type": "string"
                },
                "category": {
                    "example": "noodles",
                    "type": "string"
                },
                "videoLink": {
                    "example": "https://vimeo.com/71339660",
                    "type": "string"
                },
                "duration": {
                    "example": "45 minutes",
                    "type": "string"
                },
                "ingredients": {
                    "example": "ingredients",
                    "type": "string"
                },
                "equipments": {
                    "example": "equipments",
                    "type": "string"
                },
                "method": {
                    "example": "method",
                    "type": "string"
                },
                "description": {
                    "example": "description",
                    "type": "string"
                },
                "recipeImage": {
                    "example": "/eb3eeedac92150760491497/image_676736776674.jpeg",
                    "type": "string"
                }
            }
        },
        "GetMyRecipeList": {
            "required": [
                "page",
                "pagesize",
                "type"
            ],
            "properties": {
                "page": {
                    "example": 1,
                    "type": "number"
                },
                "pagesize": {
                    "example": 10,
                    "type": "number"
                },
                "type": {
                    "example": "LIVE_CLASS",
                    "type": "string"
                },
                "sort": {
                    "example": { "title": 1 },
                    "type": "object"
                },
                "textsearch": {
                    "example": "pizza medu",
                    "type": "string"
                }
            }
        },
        "UpdateRecipeDetail": {
            "required": [
                "recipeId",
                "title",
                "type",
                "classDay",
                "classStartTime",
                "classLink",
                "maxAttendees",
                "level",
                "category",
                "videoLink"
            ],
            "properties": {
                "recipeId": {
                    "type": "string",
                    "example": "5ad5d198f657ca54cfe39ba0",
                    "uniqueItems": true
                },
                "title": {
                    "type": "string",
                    "example": "Cheesy Italiano MAGGI Noodles"
                },
                "type": {
                    "type": "string",
                    "example": "LIVE_CLASS"
                },
                "classDay": {
                    "type": "date",
                    "example": "2020-05-30"
                },
                "classStartTime": {
                    "example": "08:00 PM",
                    "type": "string"
                },
                "classLink": {
                    "example": "www.chefcollective/2918476",
                    "type": "string"
                },
                "maxAttendees": {
                    "example": 200,
                    "type": "number"
                },
                "level": {
                    "example": "Beginner",
                    "type": "string"
                },
                "category": {
                    "example": "noodles",
                    "type": "string"
                },
                "videoLink": {
                    "example": "https://vimeo.com/71339660",
                    "type": "string"
                },
                "duration": {
                    "example": "30 minutes",
                    "type": "string"
                },
                "ingredients": {
                    "example": "ingredients",
                    "type": "string"
                },
                "equipments": {
                    "example": "equipments",
                    "type": "string"
                },
                "method": {
                    "example": "method",
                    "type": "string"
                },
                "description": {
                    "example": "description",
                    "type": "string"
                },
                "recipeImage": {
                    "example": "/eb3eeedac92150760491497/image_676736776674.jpeg",
                    "type": "string"
                }
            }
        },
        "GetExploreRecipeList": {
            "required": [
                "page",
                "pagesize"
            ],
            "properties": {
                "page": {
                    "example": 1,
                    "type": "number"
                },
                "pagesize": {
                    "example": 10,
                    "type": "number"
                },
                "sort": {
                    "example": { "title": 1 },
                    "type": "object"
                },
                "type": {
                    "example": "LIVE_CLASS",
                    "type": "string"
                },
                "textsearch": {
                    "example": "ravi pizza medu",
                    "type": "string"
                },
                "filter": {
                    "example": {
                        "level": ["Beginner", "Intermediate", "Advanced"],
                        "from": "2020-04-30",
                        "to": "2020-05-30"
                    },
                    "type": "object"
                }
            }
        },
        "BookedClassList": {
            "required": [
                "page",
                "pagesize",
                "type"
            ],
            "properties": {
                "page": {
                    "example": 1,
                    "type": "number"
                },
                "pagesize": {
                    "example": 10,
                    "type": "number"
                },
                "type": {
                    "example": "UPCOMING",
                    "type": "string"
                },
                "sort": {
                    "example": { "title": 1 },
                    "type": "object"
                },
                "textsearch": {
                    "example": "ravi pizza medu",
                    "type": "string"
                }
            }
        }
    }
}