{
    "swagger": "2.0",
    "info": {
        "version": "1.0.0",
        "title": "Chef-Management-Service",
        "description": "chef collective project swagger implementation",
        "license": {
            "name": "MIT",
            "url": "https://opensource.org/licenses/MIT"
        }
    },
    "host": "localhost:4005",
    "basePath": "/api/",
    "schemes": [
        "http",
        "https"
    ],
    "consumes": [
        "application/json"
    ],
    "produces": [
        "application/json"
    ],
    "paths": {},
    "definitions": {}
}